Model,MSE
LR,0.6787090572108918
DT,0.7358178940110548
RF,0.5797127830938485
